supplier_id,supplier_name,country,city,address,email,phone
599,"Harris, Morales and Allen",Bosnia and Herzegovina,South Nathan,"8086 Walsh Plaza Suite 837
Derekmouth, WV 69093",tbrown@lee.com,755-076-5172
722,"Medina, Smith and James",Nicaragua,East Maryland,"748 Maxwell Ramp Apt. 783
Sheppardfort, AZ 87794",ngutierrez@hotmail.com,465.844.0921x540
575,Foster-Rojas,Indonesia,New Chelseaport,"2888 Buck Via Suite 660
Meganmouth, MA 32848",joelmurphy@yahoo.com,+1-720-119-9171x72027
109,Frazier Group,Spain,Floresport,"217 Julie Rest
Alexview, MO 94038",lisamcdonald@spencer.org,269-812-8107x03047
476,Hanson Inc,Belize,Mikeport,"5230 Aguirre Path
Yangmouth, MI 13929",farmstrong@hotmail.com,545.719.2609x649
177,"Williams, Ramirez and Brown",Kenya,Lauramouth,"659 Taylor Centers
Harrisshire, WV 24199",zfox@yahoo.com,888-566-6643x149
51,Berry-Hodge,Western Sahara,Brandyland,"2271 Bryant Bypass Apt. 588
New Johnside, NM 70454",ealvarez@hotmail.com,721-887-3548
517,Anderson and Sons,Equatorial Guinea,Port Julie,"93075 Chad Shoals Suite 499
Jessicamouth, LA 59563",collinsbilly@gmail.com,001-609-615-1480x88109
122,Love PLC,Syrian Arab Republic,Martinville,"79503 Fleming Track
Courtneytown, NH 32713",erodriguez@yahoo.com,+1-966-721-3451x6538
63,Briggs PLC,Nigeria,New Miguel,"67388 Price Grove Suite 271
South James, SD 03644",kathleen59@gmail.com,001-975-603-4749x2695
818,Ryan Inc,American Samoa,Port Traciestad,"319 Carla Bridge Apt. 914
Nguyenberg, WY 91381",nguyensteven@bowman.net,6451741390
487,Allison-Ramirez,Estonia,Lake Michael,"73607 Chang Fords
Stevenberg, MS 45117",donaldsonanna@stone-gonzalez.biz,368.553.9908x320
255,Taylor-Mclean,Turkey,South Timothy,"855 Derek Lodge Suite 598
Natalietown, PA 29932",stephanieparrish@mosley.com,001-651-937-5742x9382
286,Boyd-Adams,Cocos (Keeling) Islands,North Kurt,"PSC 4374, Box 4061
APO AE 57557",steven45@yahoo.com,977.868.2261
73,Becker-Stone,Guinea,Beardton,"Unit 4710 Box 3859
DPO AP 03313",lauren66@robinson.com,479-326-6491
6,Richardson-Delacruz,Netherlands,South Jeffrey,"7657 Wendy Throughway
North Jeffreyburgh, UT 46884",blanchardchristopher@barrett.com,(916)114-4920x4604
181,"Kirby, Smith and Hood",Ethiopia,New Lisa,"1208 David Valley Suite 946
West Lindamouth, NV 58536",allisoncoffey@gmail.com,001-844-028-4479x90228
741,Gonzalez LLC,Seychelles,South Jerometon,"76172 Bishop Port Apt. 678
North Scottburgh, DC 85505",seanfinley@hotmail.com,454-182-1446x460
444,Bennett LLC,Guyana,Chavezmouth,"8301 Kevin Hill Suite 623
West Andrewfurt, SC 88846",phamedward@gmail.com,001-024-400-9569x9124
887,"Winters, Miller and Hancock",Slovenia,Mccoytown,"008 Patrick Island
Scottburgh, ID 78930",krusso@yahoo.com,+1-188-302-1117
396,Clark Ltd,Saint Vincent and the Grenadines,East Jamesview,"896 Cole Islands
Kellymouth, IL 43256",bmiller@harris.com,890.951.9357
16,Adams-Carter,Yemen,Garciashire,"6042 Brooke Prairie
East Rachelborough, OR 34289",hendersoncarly@dominguez.com,(314)123-0732x54270
105,"Harris, Stevenson and Smith",Cook Islands,Reedmouth,"70612 Brenda Spur
Jenniferberg, WV 90373",briancarey@ellis.com,856.666.7807x2150
44,"Lopez, Kelly and Ortiz",Australia,North Sydneyburgh,"9005 Nancy Terrace
Joseburgh, MN 23043",dawnhenderson@yahoo.com,001-397-818-2587x664
180,Wallace and Sons,Gibraltar,North Anneland,"303 William Trace
Elizabethmouth, PA 07818",ingramsherri@hotmail.com,(887)083-9583
884,"Ramos, Campbell and Kaiser",Cambodia,East Corey,"124 Greg Parks Suite 849
East Paulaland, ND 96445",jefferyhouse@snyder-harrison.info,0566290401
391,"Perry, Stephens and Parsons",Denmark,Harrisonport,"0391 Kimberly Meadow Suite 856
Malikton, MS 36652",lucasangel@reyes.com,7566443060
922,Phelps PLC,Iran,Jermainemouth,"0813 Tim Station
Matthewton, NJ 86002",angelabrooks@hotmail.com,0460976206
629,Brock PLC,Liberia,South James,"198 Vaughn Circle
Johnshire, OR 96062",debrabarber@phelps.biz,+1-151-783-5386
667,Gibson-Wong,British Indian Ocean Territory (Chagos Archipelago),Kimborough,"51764 Scott Key Suite 078
Aliciamouth, IN 24724",ijimenez@hotmail.com,062.861.5455x33678
207,"Cordova, Jones and Gordon",Madagascar,North Anthony,"591 Cynthia Lane
Mossmouth, SD 62063",chasemoore@sanders.com,+1-782-771-9790x6988
50,Martin Inc,Costa Rica,South Brianside,"USS Gray
FPO AA 26084",garciacody@villanueva.com,(321)860-1723x06099
558,Ramirez PLC,Belarus,New Christopher,"5081 Velez Valleys
West Nancy, VT 18166",bradley18@hotmail.com,546.457.0776x03017
786,"Mahoney, Colon and Hayes",Vanuatu,Port Jillianshire,"Unit 4395 Box 1817
DPO AP 38382",davidmoreno@hotmail.com,+1-810-847-3577x5337
296,Phillips Inc,Suriname,New Matthew,"6146 Stephen Divide Apt. 430
North Melissa, MA 07019",sarahshields@smith.biz,(520)848-2495
825,"Lloyd, Bennett and Horn",French Guiana,Port Cherylbury,"505 Donald Knolls
East Monicaside, UT 44937",kimberly03@yahoo.com,(674)288-3335x3451
351,Bailey Inc,Tuvalu,Mullinshaven,"68796 Michael Crossroad
Port Tiffanyport, CO 93647",diazdalton@page.com,581-868-6866
675,Armstrong Inc,Saudi Arabia,New Veronicafurt,"Unit 2915 Box 9719
DPO AA 26544",becktanya@hotmail.com,804.873.6679x45077
208,Stephens-Bennett,Mexico,Connermouth,"443 Burch Circles Suite 587
Roweton, PA 27833",daniel05@chambers.com,299-775-1099
337,"Ewing, Yoder and Roberts",Brunei Darussalam,West Joe,"376 Stephanie Brooks
New Kevin, ID 59338",loriwatson@gmail.com,425-062-3932x9573
601,Meyer LLC,Somalia,Victorfort,"3906 Stephenson Haven Apt. 798
New Robert, DE 35052",robert52@yahoo.com,1202011543
949,"Arnold, Leach and Jenkins",Turkey,Port Alexshire,"821 Smith Islands Apt. 503
Lake Debbie, WA 51393",ryanberg@gmail.com,+1-662-389-4893x708
512,Nichols-Williams,Iran,North Kelli,"9786 Jonathan Glens Suite 778
East Nicolemouth, OH 66761",lopezcindy@turner.info,+1-605-128-7653x33480
716,Harris-Phelps,Portugal,Lake Robertland,"03713 Kerri Estate Apt. 933
New Steve, VA 91181",susan08@gmail.com,(889)014-8005x8629
773,"Kennedy, Randolph and Reyes",Ireland,South Robert,"5112 Underwood Shoals Suite 762
Grantborough, NV 52069",michael03@williams.com,144-004-2710x351
217,Powell-Jenkins,Syrian Arab Republic,North Nathan,"7041 Morgan Fords
Haynesshire, WA 30292",deanna40@turner.com,2496348264
660,Jones-Lopez,Togo,Lake John,"510 Riley Mews Suite 124
Frankchester, ME 24340",craigkirk@hotmail.com,223.461.5312x80245
411,"Johnson, Brown and Duran",Tuvalu,Smithburgh,"49337 Matthew Port Suite 372
Cheryltown, IL 11865",melissa41@brown-jones.com,001-475-659-3715x339
93,"Parsons, Francis and Cruz",Reunion,Lake Natasha,"77034 Elizabeth Field Suite 243
East Rogerbury, IN 25868",jennifer56@ramirez-drake.com,4150187743
708,"Serrano, Anderson and Schneider",Bosnia and Herzegovina,Williamsonfurt,"23474 Debra Ports Apt. 863
New Nancy, CO 38179",heathercastro@smith.com,(198)808-5444x8750
